{"cameraMode":{"drawMode":0,"name":"Shaded","section":"Shading Mode"},"sceneLighting":true,"audioPlay":false,"sceneViewState":{"showFog":true,"showMaterialUpdate":true,"showSkybox":true,"showFlares":true,"showImageEffects":true,"showParticleSystems":true},"in2DMode":false,"pivot":{"x":-11.113262176513672,"y":-7.394038200378418,"z":-80.65663146972656},"rotation":{"x":0.12539629638195039,"y":0.7791218757629395,"z":-0.16507451236248017,"w":0.5916534066200256},"size":49.78725814819336,"orthographic":false}