{"cameraMode":{"drawMode":0,"name":"Shaded","section":"Shading Mode"},"sceneLighting":true,"audioPlay":false,"sceneViewState":{"showFog":true,"showMaterialUpdate":true,"showSkybox":true,"showFlares":true,"showImageEffects":true,"showParticleSystems":true},"in2DMode":false,"pivot":{"x":-10.030638694763184,"y":-28.844316482543947,"z":-61.362152099609378},"rotation":{"x":-0.021652765572071077,"y":0.9443234205245972,"z":-0.3222004771232605,"w":-0.06356064975261688},"size":86.08981323242188,"orthographic":false}