{"cameraMode":{"drawMode":0,"name":"Shaded","section":"Shading Mode"},"sceneLighting":true,"audioPlay":false,"sceneViewState":{"showFog":true,"showMaterialUpdate":true,"showSkybox":true,"showFlares":true,"showImageEffects":true,"showParticleSystems":true},"in2DMode":false,"pivot":{"x":-70.38774108886719,"y":-16.12820053100586,"z":-20.55746841430664},"rotation":{"x":0.11221908777952194,"y":-0.8876563906669617,"z":0.3238307237625122,"w":0.30762699246406557},"size":48.48377227783203,"orthographic":false}