{"cameraMode":{"drawMode":0,"name":"Shaded","section":"Shading Mode"},"sceneLighting":true,"audioPlay":false,"sceneViewState":{"showFog":true,"showMaterialUpdate":true,"showSkybox":true,"showFlares":true,"showImageEffects":true,"showParticleSystems":true},"in2DMode":false,"pivot":{"x":-0.5223987102508545,"y":-15.282001495361329,"z":-84.0121078491211},"rotation":{"x":0.14207050204277039,"y":-0.40387216210365298,"z":0.0636485293507576,"w":0.9014941453933716},"size":6.441659927368164,"orthographic":false}