{"cameraMode":{"drawMode":0,"name":"Shaded","section":"Shading Mode"},"sceneLighting":true,"audioPlay":false,"sceneViewState":{"showFog":true,"showMaterialUpdate":true,"showSkybox":true,"showFlares":true,"showImageEffects":true,"showParticleSystems":true},"in2DMode":false,"pivot":{"x":605.0221557617188,"y":340.64837646484377,"z":2.28607177734375},"rotation":{"x":0.0063032773323357109,"y":0.04529356211423874,"z":-0.00028021910111419857,"w":0.9989641308784485},"size":753.2017822265625,"orthographic":false}