{"cameraMode":{"drawMode":0,"name":"Shaded","section":"Shading Mode"},"sceneLighting":false,"audioPlay":false,"sceneViewState":{"showFog":true,"showMaterialUpdate":true,"showSkybox":false,"showFlares":true,"showImageEffects":true,"showParticleSystems":true},"in2DMode":false,"pivot":{"x":6.9055094718933109,"y":4.516207695007324,"z":-8.89720344543457},"rotation":{"x":0.006864288821816444,"y":-0.9905681014060974,"z":0.12578845024108888,"w":0.05414533242583275},"size":11.47098159790039,"orthographic":false}