{"cameraMode":{"drawMode":0,"name":"Shaded","section":"Shading Mode"},"sceneLighting":false,"audioPlay":false,"sceneViewState":{"showFog":true,"showMaterialUpdate":true,"showSkybox":false,"showFlares":true,"showImageEffects":true,"showParticleSystems":true},"in2DMode":false,"pivot":{"x":-1.049146056175232,"y":1.44998037815094,"z":-1.3750115633010865},"rotation":{"x":0.15205401182174684,"y":-0.7938971519470215,"z":0.22126969695091248,"w":0.5455940961837769},"size":11.47098159790039,"orthographic":false}