{"cameraMode":{"drawMode":0,"name":"Shaded","section":"Shading Mode"},"sceneLighting":false,"audioPlay":false,"sceneViewState":{"showFog":true,"showMaterialUpdate":false,"showSkybox":false,"showFlares":true,"showImageEffects":true,"showParticleSystems":true},"in2DMode":false,"pivot":{"x":-37.81892776489258,"y":-22.08249855041504,"z":-53.592872619628909},"rotation":{"x":-0.016910577192902566,"y":-0.9828062057495117,"z":0.1170080304145813,"w":-0.14191469550132752},"size":23.334524154663087,"orthographic":false}