{"cameraMode":{"drawMode":0,"name":"Shaded","section":"Shading Mode"},"sceneLighting":true,"audioPlay":false,"sceneViewState":{"showFog":true,"showMaterialUpdate":true,"showSkybox":true,"showFlares":true,"showImageEffects":true,"showParticleSystems":true},"in2DMode":false,"pivot":{"x":16.273956298828126,"y":334.99713134765627,"z":-2406.43603515625},"rotation":{"x":-0.007620238699018955,"y":0.9100923538208008,"z":0.41463035345077517,"w":0.015778005123138429},"size":342.75506591796877,"orthographic":false}