{"cameraMode":{"drawMode":0,"name":"Shaded","section":"Shading Mode"},"sceneLighting":false,"audioPlay":false,"sceneViewState":{"showFog":true,"showMaterialUpdate":true,"showSkybox":false,"showFlares":true,"showImageEffects":true,"showParticleSystems":true},"in2DMode":false,"pivot":{"x":4.630605220794678,"y":0.6523249745368958,"z":2.8034098148345949},"rotation":{"x":-0.24410957098007203,"y":0.516842782497406,"z":-0.157647505402565,"w":-0.8059151768684387},"size":19.23019790649414,"orthographic":false}