{"cameraMode":{"drawMode":0,"name":"Shaded","section":"Shading Mode"},"sceneLighting":false,"audioPlay":false,"sceneViewState":{"showFog":true,"showMaterialUpdate":true,"showSkybox":false,"showFlares":true,"showImageEffects":true,"showParticleSystems":true},"in2DMode":false,"pivot":{"x":4.634999752044678,"y":-0.28748035430908205,"z":3.0199999809265138},"rotation":{"x":-0.27648991346359255,"y":0.4155700206756592,"z":-0.13519825041294099,"w":-0.8565301895141602},"size":20.906856536865236,"orthographic":false}