{"cameraMode":{"drawMode":0,"name":"Shaded","section":"Shading Mode"},"sceneLighting":true,"audioPlay":false,"sceneViewState":{"showFog":true,"showMaterialUpdate":true,"showSkybox":true,"showFlares":true,"showImageEffects":true,"showParticleSystems":true},"in2DMode":false,"pivot":{"x":255.0411376953125,"y":107.60488891601563,"z":-2518.994873046875},"rotation":{"x":0.011211716569960118,"y":0.9395222663879395,"z":0.030706709250807763,"w":-0.34119099378585818},"size":38.99422073364258,"orthographic":false}