{"cameraMode":{"drawMode":0,"name":"Shaded","section":"Shading Mode"},"sceneLighting":true,"audioPlay":false,"sceneViewState":{"showFog":true,"showMaterialUpdate":false,"showSkybox":true,"showFlares":true,"showImageEffects":true,"showParticleSystems":true},"in2DMode":false,"pivot":{"x":-95.12000274658203,"y":-19.959999084472658,"z":-22.68000030517578},"rotation":{"x":-0.20267529785633088,"y":0.5591340065002441,"z":-0.1432517021894455,"w":-0.7910662889480591},"size":4.041658401489258,"orthographic":false}