{"cameraMode":{"drawMode":0,"name":"Shaded","section":"Shading Mode"},"sceneLighting":true,"audioPlay":false,"sceneViewState":{"showFog":true,"showMaterialUpdate":true,"showSkybox":true,"showFlares":true,"showImageEffects":true,"showParticleSystems":true},"in2DMode":false,"pivot":{"x":135.01663208007813,"y":205.58395385742188,"z":-2431.365966796875},"rotation":{"x":-0.13304957747459413,"y":0.689577579498291,"z":0.13059674203395844,"w":0.7000210285186768},"size":76.31830596923828,"orthographic":false}