{"cameraMode":{"drawMode":0,"name":"Shaded","section":"Shading Mode"},"sceneLighting":true,"audioPlay":false,"sceneViewState":{"showFog":true,"showMaterialUpdate":true,"showSkybox":true,"showFlares":true,"showImageEffects":true,"showParticleSystems":true},"in2DMode":false,"pivot":{"x":5.122162342071533,"y":0.35943174362182619,"z":-1.543243408203125},"rotation":{"x":0.017242634668946267,"y":-0.9513482451438904,"z":0.3037393093109131,"w":0.05459247902035713},"size":4.882461071014404,"orthographic":false}