{"cameraMode":{"drawMode":0,"name":"Shaded","section":"Shading Mode"},"sceneLighting":false,"audioPlay":false,"sceneViewState":{"showFog":true,"showMaterialUpdate":true,"showSkybox":false,"showFlares":true,"showImageEffects":true,"showParticleSystems":true},"in2DMode":false,"pivot":{"x":-0.12111683934926987,"y":-1.2033376693725587,"z":0.12732040882110597},"rotation":{"x":-0.1540318876504898,"y":-0.6102457046508789,"z":0.12235095351934433,"w":-0.767484188079834},"size":4.033606052398682,"orthographic":false}