{"cameraMode":{"drawMode":0,"name":"Shaded","section":"Shading Mode"},"sceneLighting":false,"audioPlay":false,"sceneViewState":{"showFog":true,"showMaterialUpdate":true,"showSkybox":false,"showFlares":true,"showImageEffects":true,"showParticleSystems":true},"in2DMode":false,"pivot":{"x":-6.909999847412109,"y":0.003635406494140625,"z":7.349999904632568},"rotation":{"x":0.1614214926958084,"y":0.04617054760456085,"z":-0.007679186761379242,"w":0.9858203530311585},"size":33.61894989013672,"orthographic":false}