{"cameraMode":{"drawMode":0,"name":"Shaded","section":"Shading Mode"},"sceneLighting":true,"audioPlay":false,"sceneViewState":{"showFog":true,"showMaterialUpdate":false,"showSkybox":true,"showFlares":true,"showImageEffects":true,"showParticleSystems":true},"in2DMode":false,"pivot":{"x":-93.28811645507813,"y":-10.821907043457032,"z":-9.924534797668457},"rotation":{"x":-0.10737909376621247,"y":-0.3607933521270752,"z":-0.041850749403238299,"w":0.9255216717720032},"size":23.39278793334961,"orthographic":false}