{"cameraMode":{"drawMode":0,"name":"Shaded","section":"Shading Mode"},"sceneLighting":true,"audioPlay":false,"sceneViewState":{"showFog":true,"showMaterialUpdate":false,"showSkybox":true,"showFlares":true,"showImageEffects":true,"showParticleSystems":true},"in2DMode":false,"pivot":{"x":0.6090664863586426,"y":-9.315980911254883,"z":-41.006561279296878},"rotation":{"x":-0.1670839935541153,"y":0.43842658400535586,"z":-0.08332289010286331,"w":-0.8791611790657044},"size":148.25787353515626,"orthographic":false}