{"cameraMode":{"drawMode":0,"name":"Shaded","section":"Shading Mode"},"sceneLighting":false,"audioPlay":false,"sceneViewState":{"showFog":true,"showMaterialUpdate":true,"showSkybox":false,"showFlares":true,"showImageEffects":true,"showParticleSystems":true},"in2DMode":false,"pivot":{"x":6.54437255859375,"y":-0.2876410484313965,"z":5.68811559677124},"rotation":{"x":-0.24410957098007203,"y":0.516842782497406,"z":-0.157647505402565,"w":-0.8059151768684387},"size":4.568902492523193,"orthographic":false}