{"cameraMode":{"drawMode":0,"name":"Shaded","section":"Shading Mode"},"sceneLighting":true,"audioPlay":false,"sceneViewState":{"showFog":true,"showMaterialUpdate":true,"showSkybox":true,"showFlares":true,"showImageEffects":true,"showParticleSystems":true},"in2DMode":false,"pivot":{"x":-31.642858505249025,"y":12.076616287231446,"z":-12.962387084960938},"rotation":{"x":-0.0009762130212038755,"y":-0.996310830116272,"z":-0.08837542682886124,"w":0.014339015819132328},"size":232.1377410888672,"orthographic":false}