{"cameraMode":{"drawMode":0,"name":"Shaded","section":"Shading Mode"},"sceneLighting":false,"audioPlay":false,"sceneViewState":{"showFog":true,"showMaterialUpdate":true,"showSkybox":false,"showFlares":true,"showImageEffects":true,"showParticleSystems":true},"in2DMode":false,"pivot":{"x":-4.835999965667725,"y":0.41958796977996828,"z":-0.6590461730957031},"rotation":{"x":0.2820481061935425,"y":0.4032805860042572,"z":-0.13233265280723573,"w":0.8604598045349121},"size":21.557662963867189,"orthographic":false}