{"cameraMode":{"drawMode":0,"name":"Shaded","section":"Shading Mode"},"sceneLighting":true,"audioPlay":false,"sceneViewState":{"showFog":true,"showMaterialUpdate":true,"showSkybox":true,"showFlares":true,"showImageEffects":true,"showParticleSystems":true},"in2DMode":false,"pivot":{"x":104.02040100097656,"y":11.961607933044434,"z":0.1088552474975586},"rotation":{"x":-0.10968101024627686,"y":-0.8214055895805359,"z":0.1712404042482376,"w":-0.533811092376709},"size":15.265876770019532,"orthographic":false}