{"cameraMode":{"drawMode":0,"name":"Shaded","section":"Shading Mode"},"sceneLighting":true,"audioPlay":false,"sceneViewState":{"showFog":true,"showMaterialUpdate":false,"showSkybox":true,"showFlares":true,"showImageEffects":true,"showParticleSystems":true},"in2DMode":false,"pivot":{"x":-93.81450653076172,"y":-20.655088424682618,"z":-21.865095138549806},"rotation":{"x":0.03597433865070343,"y":0.03177143260836601,"z":-0.00112476188223809,"w":0.9988580346107483},"size":4.643507957458496,"orthographic":false}