{"cameraMode":{"drawMode":0,"name":"Shaded","section":"Shading Mode"},"sceneLighting":false,"audioPlay":false,"sceneViewState":{"showFog":true,"showMaterialUpdate":false,"showSkybox":false,"showFlares":true,"showImageEffects":true,"showParticleSystems":true},"in2DMode":false,"pivot":{"x":-84.87055969238281,"y":-19.812307357788087,"z":-39.818973541259769},"rotation":{"x":-0.0019580619409680368,"y":0.9970630407333374,"z":-0.02723618596792221,"w":-0.07161161303520203},"size":3.3157665729522707,"orthographic":false}