{"cameraMode":{"drawMode":0,"name":"Shaded","section":"Shading Mode"},"sceneLighting":true,"audioPlay":false,"sceneViewState":{"showFog":true,"showMaterialUpdate":false,"showSkybox":true,"showFlares":true,"showImageEffects":true,"showParticleSystems":true},"in2DMode":false,"pivot":{"x":-34.885963439941409,"y":0.500213623046875,"z":-112.31214904785156},"rotation":{"x":-0.06806705892086029,"y":0.8457753658294678,"z":-0.11127196252346039,"w":-0.5174071192741394},"size":59.18067932128906,"orthographic":false}