{"cameraMode":{"drawMode":0,"name":"Shaded","section":"Shading Mode"},"sceneLighting":true,"audioPlay":false,"sceneViewState":{"showFog":true,"showMaterialUpdate":true,"showSkybox":true,"showFlares":true,"showImageEffects":true,"showParticleSystems":true},"in2DMode":false,"pivot":{"x":688.9362182617188,"y":118.4675064086914,"z":-1697.6585693359375},"rotation":{"x":-0.044610559940338138,"y":-0.9127158522605896,"z":0.10467150062322617,"w":-0.39306196570396426},"size":5.629581928253174,"orthographic":false}