{"cameraMode":{"drawMode":0,"name":"Shaded","section":"Shading Mode"},"sceneLighting":true,"audioPlay":false,"sceneViewState":{"showFog":true,"showMaterialUpdate":true,"showSkybox":true,"showFlares":true,"showImageEffects":true,"showParticleSystems":true},"in2DMode":false,"pivot":{"x":-0.0007035285234451294,"y":0.06081199645996094,"z":0.18915796279907227},"rotation":{"x":0.060262590646743777,"y":-0.8764031529426575,"z":0.4660799503326416,"w":0.10889963060617447},"size":4.526490211486816,"orthographic":false}