{"cameraMode":{"drawMode":0,"name":"Shaded","section":"Shading Mode"},"sceneLighting":true,"audioPlay":false,"sceneViewState":{"showFog":true,"showMaterialUpdate":true,"showSkybox":true,"showFlares":true,"showImageEffects":true,"showParticleSystems":true},"in2DMode":false,"pivot":{"x":-93.27835845947266,"y":80.15492248535156,"z":-2455.725341796875},"rotation":{"x":0.1840391308069229,"y":0.09735441207885742,"z":-0.01829938217997551,"w":0.9780178666114807},"size":45.59482955932617,"orthographic":false}