{"cameraMode":{"drawMode":0,"name":"Shaded","section":"Shading Mode"},"sceneLighting":false,"audioPlay":false,"sceneViewState":{"showFog":true,"showMaterialUpdate":true,"showSkybox":false,"showFlares":true,"showImageEffects":true,"showParticleSystems":true},"in2DMode":false,"pivot":{"x":-7.173999786376953,"y":-0.06999960541725159,"z":8.72599983215332},"rotation":{"x":-0.336543470621109,"y":-0.127309650182724,"z":0.041104137897491458,"w":-0.9327040314674377},"size":6.048027992248535,"orthographic":false}