{"cameraMode":{"drawMode":0,"name":"Shaded","section":"Shading Mode"},"sceneLighting":true,"audioPlay":false,"sceneViewState":{"showFog":true,"showMaterialUpdate":true,"showSkybox":true,"showFlares":true,"showImageEffects":true,"showParticleSystems":true},"in2DMode":false,"pivot":{"x":23.39773178100586,"y":54.19242858886719,"z":10.372928619384766},"rotation":{"x":-0.14004983007907868,"y":-0.7635517120361328,"z":0.17667749524116517,"w":-0.6051753759384155},"size":42.065853118896487,"orthographic":false}