{"cameraMode":{"drawMode":0,"name":"Shaded","section":"Shading Mode"},"sceneLighting":true,"audioPlay":false,"sceneViewState":{"showFog":true,"showMaterialUpdate":true,"showSkybox":true,"showFlares":true,"showImageEffects":true,"showParticleSystems":true},"in2DMode":false,"pivot":{"x":9.335000038146973,"y":0.6387463808059692,"z":-6.289999961853027},"rotation":{"x":-0.4354543685913086,"y":0.03455859050154686,"z":-0.016736987978219987,"w":-0.8993962407112122},"size":10.01136302947998,"orthographic":false}