{"cameraMode":{"drawMode":0,"name":"Shaded","section":"Shading Mode"},"sceneLighting":true,"audioPlay":false,"sceneViewState":{"showFog":true,"showMaterialUpdate":false,"showSkybox":true,"showFlares":true,"showImageEffects":true,"showParticleSystems":true},"in2DMode":false,"pivot":{"x":-17.056055068969728,"y":18.97149085998535,"z":-62.29964065551758},"rotation":{"x":-0.058300137519836429,"y":0.9352513551712036,"z":-0.18356429040431977,"w":-0.2970258593559265},"size":4.041658401489258,"orthographic":false}