{"cameraMode":{"drawMode":0,"name":"Shaded","section":"Shading Mode"},"sceneLighting":true,"audioPlay":false,"sceneViewState":{"showFog":true,"showMaterialUpdate":true,"showSkybox":false,"showFlares":true,"showImageEffects":true,"showParticleSystems":true},"in2DMode":false,"pivot":{"x":-56.198394775390628,"y":-53.65997314453125,"z":200.45208740234376},"rotation":{"x":0.000371943402569741,"y":-0.9987384080886841,"z":0.05037792772054672,"w":0.007788051385432482},"size":774.0419311523438,"orthographic":false}