{"cameraMode":{"drawMode":0,"name":"Shaded","section":"Shading Mode"},"sceneLighting":true,"audioPlay":false,"sceneViewState":{"showFog":true,"showMaterialUpdate":false,"showSkybox":true,"showFlares":true,"showImageEffects":true,"showParticleSystems":true},"in2DMode":false,"pivot":{"x":-34.432945251464847,"y":-17.69758415222168,"z":-117.0},"rotation":{"x":0.018333133310079576,"y":-0.9699015617370606,"z":0.07727275043725968,"w":0.23025856912136079},"size":31.490262985229493,"orthographic":false}