{"cameraMode":{"drawMode":0,"name":"Shaded","section":"Shading Mode"},"sceneLighting":true,"audioPlay":false,"sceneViewState":{"showFog":true,"showMaterialUpdate":true,"showSkybox":true,"showFlares":true,"showImageEffects":true,"showParticleSystems":true},"in2DMode":false,"pivot":{"x":5.953804969787598,"y":-0.687565803527832,"z":2.0892372131347658},"rotation":{"x":-0.06516889482736588,"y":0.9100402593612671,"z":-0.3782438635826111,"w":-0.15697747468948365},"size":13.939351081848145,"orthographic":false}