{"cameraMode":{"drawMode":0,"name":"Shaded","section":"Shading Mode"},"sceneLighting":false,"audioPlay":false,"sceneViewState":{"showFog":true,"showMaterialUpdate":false,"showSkybox":false,"showFlares":true,"showImageEffects":true,"showParticleSystems":true},"in2DMode":false,"pivot":{"x":-7.242021560668945,"y":0.49245262145996096,"z":2.2838973999023439},"rotation":{"x":-0.49423089623451235,"y":-0.2574107348918915,"z":0.15598587691783906,"w":-0.8155813813209534},"size":11.245810508728028,"orthographic":false}