{"cameraMode":{"drawMode":0,"name":"Shaded","section":"Shading Mode"},"sceneLighting":true,"audioPlay":false,"sceneViewState":{"showFog":true,"showMaterialUpdate":true,"showSkybox":false,"showFlares":true,"showImageEffects":true,"showParticleSystems":true},"in2DMode":false,"pivot":{"x":-9.016104698181153,"y":-0.0000367963730241172,"z":-0.000953752314671874},"rotation":{"x":-0.00283026322722435,"y":0.9801298975944519,"z":-0.19816893339157105,"w":-0.013148915953934193},"size":22.0,"orthographic":false}