{"cameraMode":{"drawMode":0,"name":"Shaded","section":"Shading Mode"},"sceneLighting":false,"audioPlay":false,"sceneViewState":{"showFog":true,"showMaterialUpdate":true,"showSkybox":false,"showFlares":true,"showImageEffects":true,"showParticleSystems":true},"in2DMode":false,"pivot":{"x":-17.081348419189454,"y":-1.3820202350616456,"z":3.1539676189422609},"rotation":{"x":0.024838725104928018,"y":-0.7461281418800354,"z":-0.02920876070857048,"w":-0.6655004024505615},"size":17.925498962402345,"orthographic":false}