{"cameraMode":{"drawMode":0,"name":"Shaded","section":"Shading Mode"},"sceneLighting":true,"audioPlay":false,"sceneViewState":{"showFog":true,"showMaterialUpdate":true,"showSkybox":true,"showFlares":true,"showImageEffects":true,"showParticleSystems":true},"in2DMode":false,"pivot":{"x":15.208576202392579,"y":-67.84019470214844,"z":54.33683776855469},"rotation":{"x":0.000371943402569741,"y":-0.9987384080886841,"z":0.05037792772054672,"w":0.007788051385432482},"size":158.36680603027345,"orthographic":false}