{"cameraMode":{"drawMode":0,"name":"Shaded","section":"Shading Mode"},"sceneLighting":false,"audioPlay":false,"sceneViewState":{"showFog":true,"showMaterialUpdate":true,"showSkybox":false,"showFlares":true,"showImageEffects":true,"showParticleSystems":true},"in2DMode":false,"pivot":{"x":-6.909999847412109,"y":0.003635406494140625,"z":7.349999904632568},"rotation":{"x":0.16006053984165193,"y":0.026946252211928369,"z":-0.004489781800657511,"w":0.9867743253707886},"size":22.989999771118165,"orthographic":false}