{"cameraMode":{"drawMode":0,"name":"Shaded","section":"Shading Mode"},"sceneLighting":true,"audioPlay":false,"sceneViewState":{"showFog":true,"showMaterialUpdate":true,"showSkybox":true,"showFlares":true,"showImageEffects":true,"showParticleSystems":true},"in2DMode":false,"pivot":{"x":-19.793651580810548,"y":-27.603954315185548,"z":58.13600158691406},"rotation":{"x":-0.4100601375102997,"y":0.2327880561351776,"z":-0.10890087485313416,"w":-0.8754130005836487},"size":129.27330017089845,"orthographic":false}