{"cameraMode":{"drawMode":0,"name":"Shaded","section":"Shading Mode"},"sceneLighting":true,"audioPlay":false,"sceneViewState":{"showFog":true,"showMaterialUpdate":false,"showSkybox":true,"showFlares":true,"showImageEffects":true,"showParticleSystems":true},"in2DMode":false,"pivot":{"x":9.704082489013672,"y":-2.1122255325317385,"z":-73.07456970214844},"rotation":{"x":0.05780067294836044,"y":-0.5140003561973572,"z":0.03476329520344734,"w":0.8551474213600159},"size":14.681723594665528,"orthographic":false}