{"cameraMode":{"drawMode":0,"name":"Shaded","section":"Shading Mode"},"sceneLighting":false,"audioPlay":false,"sceneViewState":{"showFog":true,"showMaterialUpdate":true,"showSkybox":false,"showFlares":true,"showImageEffects":true,"showParticleSystems":true},"in2DMode":false,"pivot":{"x":1109.0780029296875,"y":117.33928680419922,"z":2.906280517578125},"rotation":{"x":-0.029199618846178056,"y":-0.0031677393708378078,"z":-0.0032468955032527448,"w":-1.0000934600830079},"size":544.8515625,"orthographic":false}