{"cameraMode":{"drawMode":0,"name":"Shaded","section":"Shading Mode"},"sceneLighting":true,"audioPlay":false,"sceneViewState":{"showFog":true,"showMaterialUpdate":false,"showSkybox":true,"showFlares":true,"showImageEffects":true,"showParticleSystems":true},"in2DMode":false,"pivot":{"x":-92.23031616210938,"y":-14.63671875,"z":-30.246904373168947},"rotation":{"x":0.20167618989944459,"y":0.2526547610759735,"z":-0.05393295735120773,"w":0.9447683691978455},"size":4.041658401489258,"orthographic":false}