{"cameraMode":{"drawMode":0,"name":"Shaded","section":"Shading Mode"},"sceneLighting":true,"audioPlay":false,"sceneViewState":{"showFog":true,"showMaterialUpdate":true,"showSkybox":true,"showFlares":true,"showImageEffects":true,"showParticleSystems":true},"in2DMode":false,"pivot":{"x":-90.71047973632813,"y":-18.512245178222658,"z":-16.77545738220215},"rotation":{"x":0.05046950280666351,"y":-0.6158571243286133,"z":-0.039583344012498859,"w":-0.7852426767349243},"size":4.041658401489258,"orthographic":false}