{"cameraMode":{"drawMode":0,"name":"Shaded","section":"Shading Mode"},"sceneLighting":true,"audioPlay":false,"sceneViewState":{"showFog":true,"showMaterialUpdate":false,"showSkybox":true,"showFlares":true,"showImageEffects":true,"showParticleSystems":true},"in2DMode":false,"pivot":{"x":-11.867632865905762,"y":-19.591644287109376,"z":-86.11553955078125},"rotation":{"x":-0.07479353249073029,"y":0.6532120108604431,"z":-0.06508439779281616,"w":-0.7506577372550964},"size":20.22369956970215,"orthographic":false}