{"cameraMode":{"drawMode":0,"name":"Shaded","section":"Shading Mode"},"sceneLighting":true,"audioPlay":false,"sceneViewState":{"showFog":true,"showMaterialUpdate":false,"showSkybox":true,"showFlares":true,"showImageEffects":true,"showParticleSystems":true},"in2DMode":false,"pivot":{"x":-85.4041748046875,"y":-12.533797264099121,"z":-21.329805374145509},"rotation":{"x":0.13805533945560456,"y":0.09847133606672287,"z":0.013793026097118855,"w":-0.9854252934455872},"size":10.0,"orthographic":false}