{"cameraMode":{"drawMode":0,"name":"Shaded","section":"Shading Mode"},"sceneLighting":true,"audioPlay":false,"sceneViewState":{"showFog":true,"showMaterialUpdate":false,"showSkybox":true,"showFlares":true,"showImageEffects":true,"showParticleSystems":true},"in2DMode":false,"pivot":{"x":-205.0802764892578,"y":-39.22341537475586,"z":703.722412109375},"rotation":{"x":0.023928117007017137,"y":-0.9692065715789795,"z":0.22215323150157929,"w":0.10475993156433106},"size":1181.39990234375,"orthographic":false}