{"cameraMode":{"drawMode":0,"name":"Shaded","section":"Shading Mode"},"sceneLighting":true,"audioPlay":false,"sceneViewState":{"showFog":true,"showMaterialUpdate":false,"showSkybox":true,"showFlares":true,"showImageEffects":true,"showParticleSystems":true},"in2DMode":false,"pivot":{"x":12.093334197998047,"y":70.98389434814453,"z":-2348.176513671875},"rotation":{"x":-0.0023755303118377926,"y":0.9970783591270447,"z":-0.03472384810447693,"w":-0.06860453635454178},"size":160.2044677734375,"orthographic":false}