{"cameraMode":{"drawMode":0,"name":"Shaded","section":"Shading Mode"},"sceneLighting":true,"audioPlay":false,"sceneViewState":{"showFog":true,"showMaterialUpdate":false,"showSkybox":true,"showFlares":true,"showImageEffects":true,"showParticleSystems":true},"in2DMode":false,"pivot":{"x":-60.414459228515628,"y":-119.97372436523438,"z":-2356.35205078125},"rotation":{"x":-0.09128684550523758,"y":0.901120126247406,"z":-0.35503053665161135,"w":-0.23172569274902345},"size":386.21002197265627,"orthographic":false}