{"cameraMode":{"drawMode":0,"name":"Shaded","section":"Shading Mode"},"sceneLighting":true,"audioPlay":false,"sceneViewState":{"showFog":true,"showMaterialUpdate":false,"showSkybox":true,"showFlares":true,"showImageEffects":true,"showParticleSystems":true},"in2DMode":false,"pivot":{"x":1.7489845752716065,"y":-153.40310668945313,"z":-2471.10205078125},"rotation":{"x":-0.029280658811330797,"y":0.9355618357658386,"z":-0.3428970277309418,"w":-0.07990051060914993},"size":403.5894775390625,"orthographic":false}