{"cameraMode":{"drawMode":0,"name":"Shaded","section":"Shading Mode"},"sceneLighting":true,"audioPlay":false,"sceneViewState":{"showFog":true,"showMaterialUpdate":false,"showSkybox":true,"showFlares":true,"showImageEffects":true,"showParticleSystems":true},"in2DMode":false,"pivot":{"x":-63.56523132324219,"y":47.854698181152347,"z":-2701.921875},"rotation":{"x":-0.004523828625679016,"y":0.9844153523445129,"z":-0.025409599766135217,"w":-0.17425109446048737},"size":501.44488525390627,"orthographic":false}