{"cameraMode":{"drawMode":0,"name":"Shaded","section":"Shading Mode"},"sceneLighting":true,"audioPlay":false,"sceneViewState":{"showFog":true,"showMaterialUpdate":false,"showSkybox":true,"showFlares":true,"showImageEffects":true,"showParticleSystems":true},"in2DMode":false,"pivot":{"x":25.86115837097168,"y":54.133575439453128,"z":-34.354068756103519},"rotation":{"x":0.23513610661029817,"y":-0.7122604846954346,"z":0.2793859541416168,"w":0.5994493365287781},"size":11.947543144226075,"orthographic":false}