{"cameraMode":{"drawMode":0,"name":"Shaded","section":"Shading Mode"},"sceneLighting":true,"audioPlay":false,"sceneViewState":{"showFog":true,"showMaterialUpdate":true,"showSkybox":true,"showFlares":true,"showImageEffects":true,"showParticleSystems":true},"in2DMode":false,"pivot":{"x":-38.19342041015625,"y":-28.771835327148439,"z":-94.38036346435547},"rotation":{"x":0.03715876489877701,"y":-0.963255763053894,"z":0.1866016685962677,"w":0.19055168330669404},"size":267.7699279785156,"orthographic":false}