{"cameraMode":{"drawMode":0,"name":"Shaded","section":"Shading Mode"},"sceneLighting":true,"audioPlay":false,"sceneViewState":{"showFog":true,"showMaterialUpdate":true,"showSkybox":true,"showFlares":true,"showImageEffects":true,"showParticleSystems":true},"in2DMode":false,"pivot":{"x":562.6339111328125,"y":95.77050018310547,"z":-1814.62744140625},"rotation":{"x":0.008290919475257397,"y":0.819634199142456,"z":-0.011773895472288132,"w":0.5727634429931641},"size":138.73089599609376,"orthographic":false}