{"cameraMode":{"drawMode":0,"name":"Shaded","section":"Shading Mode"},"sceneLighting":true,"audioPlay":false,"sceneViewState":{"showFog":true,"showMaterialUpdate":false,"showSkybox":true,"showFlares":true,"showImageEffects":true,"showParticleSystems":true},"in2DMode":false,"pivot":{"x":11.03048324584961,"y":62.330039978027347,"z":98.33768463134766},"rotation":{"x":-0.006055525038391352,"y":0.9909230470657349,"z":-0.126433327794075,"w":-0.04817556217312813},"size":298.63787841796877,"orthographic":false}