{"cameraMode":{"drawMode":0,"name":"Shaded","section":"Shading Mode"},"sceneLighting":true,"audioPlay":false,"sceneViewState":{"showFog":true,"showMaterialUpdate":true,"showSkybox":true,"showFlares":true,"showImageEffects":true,"showParticleSystems":true},"in2DMode":false,"pivot":{"x":94.3667984008789,"y":182.08267211914063,"z":-2369.258056640625},"rotation":{"x":-0.0036880497355014087,"y":0.9739086031913757,"z":-0.2269023060798645,"w":-0.015129131264984608},"size":130.2617645263672,"orthographic":false}