{"cameraMode":{"drawMode":0,"name":"Shaded","section":"Shading Mode"},"sceneLighting":true,"audioPlay":false,"sceneViewState":{"showFog":true,"showMaterialUpdate":false,"showSkybox":true,"showFlares":true,"showImageEffects":true,"showParticleSystems":true},"in2DMode":false,"pivot":{"x":-6.579999923706055,"y":1.6699999570846558,"z":48.54999923706055},"rotation":{"x":0.01718856580555439,"y":0.9829725027084351,"z":-0.13740697503089906,"w":0.12216397374868393},"size":79.19461822509766,"orthographic":false}