{"cameraMode":{"drawMode":0,"name":"Shaded","section":"Shading Mode"},"sceneLighting":false,"audioPlay":false,"sceneViewState":{"showFog":true,"showMaterialUpdate":false,"showSkybox":false,"showFlares":true,"showImageEffects":true,"showParticleSystems":true},"in2DMode":false,"pivot":{"x":-34.432945251464847,"y":-17.69758415222168,"z":-117.0},"rotation":{"x":0.19056932628154756,"y":0.7205782532691956,"z":0.21792477369308473,"w":-0.6301036477088928},"size":38.539283752441409,"orthographic":false}