{"cameraMode":{"drawMode":0,"name":"Shaded","section":"Shading Mode"},"sceneLighting":true,"audioPlay":false,"sceneViewState":{"showFog":true,"showMaterialUpdate":true,"showSkybox":true,"showFlares":true,"showImageEffects":true,"showParticleSystems":true},"in2DMode":false,"pivot":{"x":-903.62255859375,"y":-8.83343505859375,"z":-3099.447265625},"rotation":{"x":0.010490380227565766,"y":-0.9895915389060974,"z":0.09768616408109665,"w":0.10575877875089646},"size":849.5419311523438,"orthographic":false}