{"cameraMode":{"drawMode":0,"name":"Shaded","section":"Shading Mode"},"sceneLighting":true,"audioPlay":false,"sceneViewState":{"showFog":true,"showMaterialUpdate":false,"showSkybox":true,"showFlares":true,"showImageEffects":true,"showParticleSystems":true},"in2DMode":false,"pivot":{"x":6.263047695159912,"y":12.634060859680176,"z":81.05581665039063},"rotation":{"x":0.10921898484230042,"y":-0.6349298357963562,"z":0.09221161156892777,"w":0.7594945430755615},"size":10.042860984802246,"orthographic":false}