{"cameraMode":{"drawMode":0,"name":"Shaded","section":"Shading Mode"},"sceneLighting":true,"audioPlay":false,"sceneViewState":{"showFog":true,"showMaterialUpdate":true,"showSkybox":true,"showFlares":true,"showImageEffects":true,"showParticleSystems":true},"in2DMode":false,"pivot":{"x":-958.222900390625,"y":144.6717987060547,"z":-2397.893310546875},"rotation":{"x":-0.2106611430644989,"y":0.6833959221839905,"z":-0.2165829986333847,"w":-0.6647475957870483},"size":177.4052734375,"orthographic":false}