{"cameraMode":{"drawMode":0,"name":"Shaded","section":"Shading Mode"},"sceneLighting":false,"audioPlay":false,"sceneViewState":{"showFog":true,"showMaterialUpdate":false,"showSkybox":false,"showFlares":true,"showImageEffects":true,"showParticleSystems":true},"in2DMode":false,"pivot":{"x":-34.432945251464847,"y":-17.69758415222168,"z":-117.0},"rotation":{"x":-0.00903844553977251,"y":0.9867533445358276,"z":-0.15096315741539002,"w":-0.059296704828739169},"size":45.6157341003418,"orthographic":false}