{"cameraMode":{"drawMode":0,"name":"Shaded","section":"Shading Mode"},"sceneLighting":true,"audioPlay":false,"sceneViewState":{"showFog":true,"showMaterialUpdate":true,"showSkybox":true,"showFlares":true,"showImageEffects":true,"showParticleSystems":true},"in2DMode":false,"pivot":{"x":-699.4473876953125,"y":147.3399658203125,"z":-2439.963134765625},"rotation":{"x":-0.06047132611274719,"y":-0.9386564493179321,"z":0.2172074168920517,"w":-0.2613219618797302},"size":676.3611450195313,"orthographic":false}