{"cameraMode":{"drawMode":0,"name":"Shaded","section":"Shading Mode"},"sceneLighting":true,"audioPlay":false,"sceneViewState":{"showFog":true,"showMaterialUpdate":false,"showSkybox":true,"showFlares":true,"showImageEffects":true,"showParticleSystems":true},"in2DMode":false,"pivot":{"x":0.8273680806159973,"y":139.5453338623047,"z":-2197.628173828125},"rotation":{"x":0.0051147425547242168,"y":-0.9943598508834839,"z":0.08855728805065155,"w":0.0600442998111248},"size":12.946718215942383,"orthographic":false}