{"cameraMode":{"drawMode":0,"name":"Shaded","section":"Shading Mode"},"sceneLighting":true,"audioPlay":false,"sceneViewState":{"showFog":true,"showMaterialUpdate":true,"showSkybox":true,"showFlares":true,"showImageEffects":true,"showParticleSystems":true},"in2DMode":false,"pivot":{"x":-1177.9228515625,"y":-18.51996421813965,"z":-1873.494140625},"rotation":{"x":0.038621965795755389,"y":0.9235493540763855,"z":-0.09680115431547165,"w":0.3693324029445648},"size":601.576416015625,"orthographic":false}