{"cameraMode":{"drawMode":0,"name":"Shaded","section":"Shading Mode"},"sceneLighting":true,"audioPlay":false,"sceneViewState":{"showFog":true,"showMaterialUpdate":true,"showSkybox":true,"showFlares":true,"showImageEffects":true,"showParticleSystems":true},"in2DMode":false,"pivot":{"x":540.336669921875,"y":179.89599609375,"z":-1943.1031494140625},"rotation":{"x":0.06687518209218979,"y":-0.9326006770133972,"z":0.23207533359527589,"w":0.26864179968833926},"size":1962.30615234375,"orthographic":false}