{"cameraMode":{"drawMode":0,"name":"Shaded","section":"Shading Mode"},"sceneLighting":true,"audioPlay":false,"sceneViewState":{"showFog":true,"showMaterialUpdate":false,"showSkybox":true,"showFlares":true,"showImageEffects":true,"showParticleSystems":true},"in2DMode":false,"pivot":{"x":-89.94000244140625,"y":-19.889999389648439,"z":-19.31999969482422},"rotation":{"x":-0.007272294722497463,"y":0.9800170063972473,"z":-0.1954062432050705,"w":-0.036472488194704059},"size":7.362061500549316,"orthographic":false}