{"cameraMode":{"drawMode":0,"name":"Shaded","section":"Shading Mode"},"sceneLighting":false,"audioPlay":false,"sceneViewState":{"showFog":true,"showMaterialUpdate":false,"showSkybox":true,"showFlares":true,"showImageEffects":true,"showParticleSystems":true},"in2DMode":false,"pivot":{"x":1.3521344661712647,"y":3.422013282775879,"z":-3.0778968334198},"rotation":{"x":-0.048934828490018848,"y":-0.8974052667617798,"z":0.10303425043821335,"w":-0.42620787024497988},"size":6.83345365524292,"orthographic":false}