{"cameraMode":{"drawMode":0,"name":"Shaded","section":"Shading Mode"},"sceneLighting":true,"audioPlay":false,"sceneViewState":{"showFog":true,"showMaterialUpdate":true,"showSkybox":true,"showFlares":true,"showImageEffects":true,"showParticleSystems":true},"in2DMode":false,"pivot":{"x":-90.90553283691406,"y":-19.66010856628418,"z":-19.235105514526368},"rotation":{"x":-0.04367098584771156,"y":-0.827166736125946,"z":0.06491237133741379,"w":-0.556484043598175},"size":4.041658401489258,"orthographic":false}