{"cameraMode":{"drawMode":0,"name":"Shaded","section":"Shading Mode"},"sceneLighting":true,"audioPlay":false,"sceneViewState":{"showFog":true,"showMaterialUpdate":true,"showSkybox":true,"showFlares":true,"showImageEffects":true,"showParticleSystems":true},"in2DMode":false,"pivot":{"x":4.409334659576416,"y":5.4696879386901859,"z":10.044001579284668},"rotation":{"x":-0.004788240417838097,"y":-0.9551252126693726,"z":-0.015463151037693024,"w":0.2957598567008972},"size":2.8981595039367677,"orthographic":false}